"FID","Property","Area","Status","Name","Old_name","RT_status","r_raster3","ARRIVE_MCP","POINT_X","POINT_Y","IPA","art_nat","Perimeter","Type","Purpose"
1,"Wallal Downs",8.9721,"Current","Irrigation"," "," ",823,0,106190.789,53683.7210000004,0,1,13940,1,"Irrigation"
2,"Nita Downs",6.0236,"Future","Irrigation"," "," ",1497,0,241890.94,162534.217,0,1,10543,2,"Irrigation"
3,"Shalemar",13.688,"Current","Irrigation"," "," ",1525,0,248099.273,173641.801,0,1,16014,1,"Irrigation"
4,"Shamrock",23.073,"Future","Irrigation"," "," ",1724,0,278294.391,228918.452,0,1,21260,2,"Irrigation"
5,"Shamrock Gardens",3.1233,"Current","Irrigation"," "," ",1747,0,272579.784,221146.177,0,1,7706,1,"Irrigation"
6,"Pardoo",0.809,"Current","Irrigation","","",533,0,32518.9640000002,29699.8320000004,0,1,4510,1,"Irrigation"
7,"Anna Plains",0,"Tank","McPhee Well"," "," ",1495,0,227871.042,161481.777,0,1,0,1,"Artificial"
8,"Anna Plains",0,"Tank","Almos Bore"," "," ",1496,0,233839.484,162548.01,0,1,0,1,"Artificial"
9,"Anna Plains",0,"Tank","Calanjadie Well"," "," ",1468,0,229745.432,157634.112,0,1,0,1,"Artificial"
10,"Anna Plains",0,"Tank","Nummery Well"," "," ",1413,0,228510.248,150735.173,0,1,0,1,"Artificial"
11,"Anna Plains",0,"Tank","Bauhinia Bore"," "," ",1385,0,233286.813,148303.323,0,1,0,1,"Artificial"
12,"Anna Plains",0,"Tank","Cardingy Bore"," "," ",1383,0,226374.292,145067.91,0,1,0,1,"Artificial"
13,"Anna Plains",0,"Tank","No 4 Bore"," "," ",1385,0,237659.655,145875.823,0,1,0,1,"Artificial"
14,"Anna Plains",0,"Tank","Homestead Bore"," "," ",1383,0,225277.473,142402.292,0,1,0,1,"Artificial"
15,"Anna Plains",0,"Tank","Pindan Bore"," "," ",1355,0,231651.081,141799.431,0,1,0,1,"Artificial"
16,"Anna Plains",0,"Tank","Yellow Gap Well"," "," ",1355,0,228775.002,138388.14,0,1,0,1,"Artificial"
17,"Anna Plains",0,"Bore","Artesian Bore"," "," ",1355,0,228209.43,142320.411,0,1,0,1,"Artificial"
18,"Anna Plains",0,"Tank","Rachel Poly"," "," ",1354,0,224559.678,136341.076,0,1,0,1,"Artificial"
19,"Anna Plains",0,"Tank","Pinchers Poly"," "," ",1323,0,220949.545,134171.203,0,1,0,1,"Artificial"
20,"Anna Plains",0,"Tank","Helen Poly"," "," ",1353,0,218535.909,138055.264,0,1,0,1,"Artificial"
21,"Anna Plains",0,"Tank","Dusty Poly"," "," ",1323,0,217763.422,134163.124,0,1,0,1,"Artificial"
22,"Anna Plains",0,"Tank","Bevan Fibreglass"," "," ",1321,0,213971.113,133438.894,0,1,0,1,"Artificial"
23,"Anna Plains",0,"Tank","Poly Tank"," "," ",1325,0,233739.352,133592.412,0,1,0,1,"Artificial"
24,"Anna Plains",0,"Tank","Poly Tank"," "," ",1324,0,227200.616,130657.73,0,1,0,1,"Artificial"
25,"Anna Plains",0,"Bore","Mono Bore"," "," ",1293,0,223289.43,129949.471,0,1,0,1,"Artificial"
26,"Anna Plains",0,"Tank","Erinbee Tank"," "," ",1292,0,221801.882,128724.065,0,1,0,1,"Artificial"
27,"Anna Plains",0,"Tank","Top Tank"," "," ",1323,0,220782.224,132124.391,0,1,0,1,"Artificial"
28,"Anna Plains",0,"Tank","2 Mile Tank"," "," ",1323,0,218981.892,131303.988,0,1,0,1,"Artificial"
29,"Anna Plains",0,"Dam","Ian Turkey Nest"," "," ",1321,0,216551.129,130877.239,0,1,0,2,"Artificial"
30,"Anna Plains",0,"Dam","Yup Turkey Nest"," "," ",1290,0,213503.834,128222.723,0,1,0,2,"Artificial"
31,"Anna Plains",0,"Tank","Curly Bore"," "," ",1260,0,222014.798,124124.216,0,1,0,1,"Artificial"
32,"Anna Plains",0,"Tank","Blues Poly"," "," ",1290,0,217437.413,125696.487,0,1,0,1,"Artificial"
33,"Anna Plains",0,"Dam","Dundee Turkey Nest"," "," ",1290,0,212332.755,125683.322,0,1,0,2,"Artificial"
34,"Anna Plains",0,"Tank","Three Ways Bore"," "," ",1293,0,226270.73,125668.532,0,1,0,1,"Artificial"
35,"Anna Plains",0,"Bore","Nurdy Bore"," "," ",1258,0,216641.12,119611.651,0,1,0,1,"Artificial"
36,"Anna Plains",0,"Dam","Nurdy Turkey Nest"," "," ",1258,0,216340.946,119478.905,0,1,0,2,"Artificial"
37,"Anna Plains",0,"Tank","Nurdy Poly"," "," ",1258,0,214759.048,120616.488,0,1,0,1,"Artificial"
38,"Anna Plains",0,"Tank","Simone Poly"," "," ",1257,0,211871.22,122672.643,0,1,0,1,"Artificial"
39,"Anna Plains",0,"Bore","Srewarts Bore"," "," ",1225,0,214050.967,115505.465,0,1,0,1,"Artificial"
40,"Anna Plains",0,"Tank","Stewarts Poly"," "," ",1224,0,212554.138,116939.172,0,1,0,1,"Artificial"
41,"Anna Plains",0,"Dam","Stewarts Turkey Nest"," "," ",1257,0,209727.04,119290.506,0,1,0,2,"Artificial"
42,"Anna Plains",0,"Tank","No 1 Tank"," "," ",1256,0,206783.334,121975.995,0,1,0,1,"Artificial"
43,"Anna Plains",0,"Bore","Dallas Bore"," "," ",1224,0,212861.729,114354.85,0,1,0,1,"Artificial"
44,"Anna Plains",0,"Tank","Concrete Tank"," "," ",1225,0,214083.36,115802.024,0,1,0,1,"Artificial"
45,"Anna Plains",0,"Tank","Jo Poly"," "," ",1224,0,210717.139,114113.803,0,1,0,1,"Artificial"
46,"Anna Plains",0,"Dam","Addison Turkey Nest"," "," ",1223,0,207458.512,115979.024,0,1,0,2,"Artificial"
47,"Anna Plains",0,"Dam","Ocean Turkey Nest"," "," ",1256,0,203966.951,117979.879,0,1,0,2,"Artificial"
48,"Anna Plains",0,"Bore","Joseph Bore"," "," ",1225,0,216222.556,114011.073,0,1,0,1,"Artificial"
49,"Anna Plains",0,"Bore","Widjub Bore"," "," ",1224,0,211426.06,111876.656,0,1,0,1,"Artificial"
50,"Anna Plains",0,"Tank","Widjub Poly"," "," ",1224,0,211012.724,112046.436,0,1,0,1,"Artificial"
51,"Anna Plains",0,"Dam","Deans Turkey Nest"," "," ",1223,0,206866.649,111743.821,0,1,0,2,"Artificial"
52,"Anna Plains",0,"Dam","Jacks Turkey Nest"," "," ",1223,0,203424.558,113638.564,0,1,0,2,"Artificial"
53,"Anna Plains",0,"Tank","Phoebe Poly"," "," ",1222,0,200265.523,115194.64,0,1,0,1,"Artificial"
54,"Anna Plains",0,"Bore","Rocky Bore 1"," "," ",1190,0,209836.775,105773.174,0,1,0,1,"Artificial"
55,"Anna Plains",0,"Tank","Links Concrete Tank"," "," ",1190,0,209751.088,106252.86,0,1,0,1,"Artificial"
56,"Anna Plains",0,"Dam","Butch Turkey Nest"," "," ",1223,0,202641.969,110969.358,0,1,0,2,"Artificial"
57,"Anna Plains",0,"Dam","Tim Turkey Nest"," "," ",1189,0,205417.66,108044.335,0,1,0,2,"Artificial"
58,"Anna Plains",0,"Bore","Rockys Bore 2"," "," ",1154,0,209955.114,105279.496,0,1,0,1,"Artificial"
59,"Anna Plains",0,"Tank","Rocky Fibreglass Tank"," "," ",1153,0,205719.45,104314.07,0,1,0,1,"Artificial"
60,"Anna Plains",0,"Tank","Fly Fibreglass Tank"," "," ",1153,0,203970.013,104989.952,0,1,0,1,"Artificial"
61,"Anna Plains",0,"Dam","Marks Turkey Nest"," "," ",1189,0,203162.902,105769.299,0,1,0,2,"Artificial"
62,"Anna Plains",0,"Dam","Samphire Turkey Nest"," "," ",1188,0,199632.687,107129.281,0,1,0,2,"Artificial"
63,"Anna Plains",0,"Bore","McGoo Bore"," "," ",1153,0,207898.883,101334.317,0,1,0,1,"Artificial"
64,"Anna Plains",0,"Tank","Richard Poly"," "," ",1152,0,199879.888,101801.306,0,1,0,1,"Artificial"
65,"Anna Plains",0,"Tank","Eva Poly"," "," ",1187,0,197166.255,104866.797,0,1,0,1,"Artificial"
66,"Anna Plains",0,"Tank","Judith Poly"," "," ",1151,0,194758.627,102744.994,0,1,0,1,"Artificial"
67,"Anna Plains",0,"Bore","MRD Bore"," "," ",1116,0,208612.93,97446.7290000003,0,1,0,1,"Artificial"
68,"Anna Plains",0,"Tank","Scotland Fibreglass Tank"," "," ",1116,0,207089.604,98604.8370000003,0,1,0,1,"Artificial"
69,"Anna Plains",0,"Tank","England Fibreglass Tank"," "," ",1115,0,202231.997,98490.8660000004,0,1,0,1,"Artificial"
70,"Anna Plains",0,"Tank","Wales Fibreglass Tank"," "," ",1115,0,198811.028,97804.2710000002,0,1,0,1,"Artificial"
71,"Anna Plains",0,"Dam","James Turkey Nest"," "," ",1076,0,202819.312,91797.4730000002,0,1,0,2,"Artificial"
72,"Anna Plains",0,"Bore","Wotans Bore"," "," ",1033,0,193643.092,83849.5920000002,0,1,0,1,"Artificial"
73,"Anna Plains",0,"Tank","Wotans Fibreglass Tank"," "," ",1032,0,192853.359,84429.2940000002,0,1,0,1,"Artificial"
74,"Anna Plains",0,"Dam","Fays Turkey Nest"," "," ",1074,0,192764.099,90904.514,0,1,0,2,"Artificial"
75,"Anna Plains",0,"Dam","Ooks Turkey Nest"," "," ",1113,0,190324.652,94267.446,0,1,0,2,"Artificial"
76,"Anna Plains",0,"Tank","Brians Poly"," "," ",1113,0,189722.619,97264.5470000003,0,1,0,1,"Artificial"
77,"Anna Plains",0,"Tank","Phire Bore"," "," ",1357,0,239689.629,140686.797,0,1,0,1,"Artificial"
78,"Anna Plains",0,"Tank","White Gum Bore"," "," ",1326,0,238645.187,132112.143,0,1,0,1,"Artificial"
79,"Anna Plains",0,"Tank","Milly Milly Bore"," "," ",1295,0,235675.166,128341.078,0,1,0,1,"Artificial"
80,"Anna Plains",0,"Tank","Walnut Bore"," "," ",1263,0,239591.693,122349.754,0,1,0,1,"Artificial"
81,"Anna Plains",0,"Tank","Baker Bore"," "," ",1261,0,228739.299,122924.252,0,1,0,1,"Artificial"
82,"Anna Plains",0,"Dam","Bakers Dam"," "," ",1262,0,230146.23,119583.472,0,1,0,2,"Artificial"
83,"Anna Plains",0,"Tank","Bull Head Bore"," "," ",1228,0,224700.606,117131.525,0,1,0,1,"Artificial"
84,"Anna Plains",0,"Tank","Wild Dog Bore"," "," ",1227,0,220640.863,112416.259,0,1,0,1,"Artificial"
85,"Anna Plains",0,"Dam","Bruce Dam"," "," ",1194,0,229487.506,109483.848,0,1,0,2,"Artificial"
86,"Anna Plains",0,"Tank","Camel Bore"," "," ",1118,0,219325.892,99082.051,0,1,0,1,"Artificial"
87,"Anna Plains",0,"Dam","Bob's Bore"," "," ",1121,0,228955.096,99465.2090000003,0,1,0,2,"Artificial"
88,"Anna Plains",0,"Tank","Rosewood Bore"," "," ",1154,0,212474.419,101896.454,0,1,0,1,"Artificial"
89,"Anna Plains",0,"Tank","Emu Bore"," "," ",1117,0,212084.72,96427.6090000002,0,1,0,1,"Artificial"
90,"Anna Plains",0,"Bore","Roscoe Bore"," "," ",1078,0,210552.556,92038.338,0,1,0,1,"Artificial"
91,"Anna Plains",0,"Tank","Combo Poly"," "," ",1077,0,208495.944,91853.2410000004,0,1,0,1,"Artificial"
92,"Anna Plains",0,"Tank","Kalgoorlie Fibreglass"," "," ",1077,0,206867.91,90152.966,0,1,0,1,"Artificial"
93,"Anna Plains",0,"Tank","Friday Bore"," "," ",1078,0,214457.696,90615.0110000004,0,1,0,1,"Artificial"
94,"Anna Plains",0,"Tank","Lyngett Bore"," "," ",1082,0,226939.847,92117.4470000002,0,1,0,1,"Artificial"
95,"Anna Plains",0,"Tank","Boulder Bore"," "," ",1033,0,196691.123,81595.2340000002,0,1,0,1,"Artificial"
96,"Anna Plains",0,"Tank","Coolgardie Well"," "," ",990,0,202919.437,81180.5550000002,0,1,0,1,"Artificial"
97,"Pardoo",0," ","Pardoo Caravan Park and Homestead","Dwelling"," ",534,0,35480.0970000001,29997.8910000003,0,1,0,1,"Dwelling"
98,"Wallal Downs",0," ","Wallal Downs Homestead","Dwelling"," ",979,0,142070.166,76726.906,0,1,0,1,"Dwelling"
99,"Mandora",0," ","Sandfire Roadhouse","Dwelling"," ",1032,0,189153.536,81783.4350000001,0,1,0,1,"Dwelling"
100,"Frazier Downs",0," ","Kalyadajan Community","Dwelling"," ",1522,0,235831.67,166894.069,0,1,0,1,"Dwelling"
101,"Frazier Downs",0," ","Purrpurrngangjal Community","Dwelling"," ",1600,0,237556.493,186422.158,0,1,0,1,"Dwelling"
102,"Frazier Downs",0," ","Frazier Downs Community","Dwelling"," ",1626,0,244481.631,194552.059,0,1,0,1,"Dwelling"
103,"Frazier Downs",0," ","Kalyadajan Community","Dwelling"," ",1655,0,263385.219,201268.557,0,1,0,1,"Dwelling"
104,"Frazier Downs",0," ","Wanamuluyundeny Community","Dwelling"," ",1655,0,262839.372,202171.544,0,1,0,1,"Dwelling"
105,"Frazier Downs",0," ","Rollah Community","Dwelling"," ",1651,0,243289.264,203446.023,0,1,0,1,"Dwelling"
106,"Frazier Downs",0.68," ","La Grange","Dwelling"," ",1676,0,251000.832,207852.504,0,1,0,1,"Dwelling"
107,"Shamrock",0," ","Shamrock Homestead","Dwelling"," ",1747,0,278192.059,224203.172,0,1,0,1,"Dwelling"
108,"Frazier Downs",0," ","Pilingpiling Community","Dwelling"," ",1765,0,255083.68,228061.912,0,1,0,1,"Dwelling"
109,"Frazier Downs",0," ","Nygah Hygah Community","Dwelling"," ",1766,0,264055.963,228774.276,0,1,0,1,"Dwelling"
110,"Frazier Downs",0," ","Yardoogarra Community","Dwelling"," ",1766,0,263683.902,233480.333,0,1,0,1,"Dwelling"
111,"Thangoo",0," ","Barn Hill Caravan Park","Dwelling"," ",1805,0,275593.61,245309.915,0,1,0,1,"Dwelling"
112,"Thangoo",0," ","Eco Beach Resort","Dwelling"," ",1822,0,279556.022,249408.503,0,1,0,1,"Dwelling"
113,"Pardoo",0," ","Pardoo Roadhouse","Dwelling"," ",615,0,60558.1200000001,38381.2380000004,0,1,0,1,"Dwelling"
114," ",0," ","80 Mile Beach Caravan Park","Dwelling"," ",1024,0,145223.225,79716.5420000004,0,1,0,1,"Dwelling"
115,"Mandora",0," ","Mandora Homestead","Dwelling"," ",1027,0,162861.326,82575.7010000004,0,1,0,1,"Dwelling"
116,"Nita Downs",0," ","Nita Downs Homestead","Dwelling"," ",1498,0,243694.71,162573.487,0,1,0,1,"Dwelling"
117,"Thangoo",0," ","Thangoo Homestead 1","Dwelling"," ",1805,0,275552.761,244923.852,0,1,0,1,"Dwelling"
118,"Thangoo",0," ","Thangoo unknown","Dwelling"," ",1823,0,285638.517,252455.826,0,1,0,1,"Dwelling"
119,"Thangoo",0," ","Thangoo unknown","Dwelling"," ",1882,0,307310.868,268387.248,0,1,0,1,"Dwelling"
120,"Thangoo",0," ","Thangoo Homestead 2","Dwelling"," ",1904,0,318056.335,279479.952,0,1,0,1,"Dwelling"
121,"Roebuck Plains",0," ","Roebuck Homestead","Dwelling"," ",1928,1,317358.971,296656.183,0,1,0,1,"Dwelling"
122,"Mandora",0," "," ","WELL"," ",1026,0,159260.08,81843.892,0,1,0,1,"Artificial"
123," ",0," "," ","WELL"," ",1495,0,227872.973,165772.642,0,1,0,1,"Artificial"
124,"Frazier Downs",0," "," ","WELL"," ",1575,0,238099.218,178892.234,1,1,0,1,"Artificial"
125,"Frazier Downs",0," "," ","WELL"," ",1576,0,246059.809,179552.458,1,1,0,1,"Artificial"
126,"Frazier Downs",0," "," ","WELL"," ",1575,0,236228.884,182234.768,0,1,0,1,"Artificial"
127,"Frazier Downs",0," "," ","WELL"," ",1601,0,241150.897,185907.156,1,1,0,1,"Artificial"
128,"Frazier Downs",0," "," ","WELL"," ",1602,0,249374.17,187577.225,0,1,0,1,"Artificial"
129,"Frazier Downs",0," "," ","WELL"," ",1601,0,244421.692,190397.671,0,1,0,1,"Artificial"
130,"Frazier Downs",0," "," ","WELL"," ",1625,0,239661.823,195706.467,0,1,0,1,"Artificial"
131,"Frazier Downs",0," "," ","WELL"," ",1628,0,253717.893,195602.149,0,1,0,1,"Artificial"
132,"Frazier Downs",0," "," ","WELL"," ",1653,0,253543.868,200096.153,0,1,0,1,"Artificial"
133,"Frazier Downs",0," "," ","WELL"," ",1652,0,246366.594,197710.206,0,1,0,1,"Artificial"
134,"Frazier Downs",0," "," ","WELL"," ",1651,0,241830.434,197310.602,0,1,0,1,"Artificial"
135,"Frazier Downs",0," "," ","WELL"," ",1651,0,239881.077,200274.132,0,1,0,1,"Artificial"
136,"Frazier Downs",0," "," ","WELL"," ",1722,0,264138.963,222052.689,0,1,0,1,"Artificial"
137,"Frazier Downs",0," "," ","WELL"," ",1745,0,267211.834,224139.444,0,1,0,1,"Artificial"
138,"Roebuck",0,"Tank"," ","WELL","Tank",1926,1,306485.893,294919.538,0,1,0,1,"Artificial"
139," ",0," "," ","WELL"," ",1990,1,287503.553,321723.457,0,1,0,1,"Artificial"
140," ",0," "," ","WELL"," ",1962,1,289410.114,306552.324,0,1,0,1,"Artificial"
141," ",0," "," ","WELL"," ",325,0,120111.245,16113.2830000003,0,1,0,1,"Artificial"
142," ",0," "," ","WELL"," ",381,0,21097.01,16437.1780000003,0,1,0,1,"Artificial"
143," ",0," "," ","WELL"," ",532,0,23418.0180000002,24658.6660000002,0,1,0,1,"Artificial"
144," ",0," "," ","WELL"," ",753,0,15103.4380000001,39407.9580000001,0,1,0,1,"Artificial"
145," ",0," "," ","WELL"," ",529,2,8759.94400000013,25298.9210000001,0,1,0,1,"Artificial"
146," ",0," "," ","WELL"," ",603,0,4390.446,28026.1490000002,0,1,0,1,"Artificial"
147," ",0," "," ","WELL"," ",603,0,0,29170.9280000003,0,1,0,1,"Artificial"
148," ",0," "," ","WELL"," ",751,0,1377.64100000006,38046.0280000004,0,1,0,1,"Artificial"
149,"Pardoo",0,"Tank"," ","WELL","Tank",755,0,58082.189,45575.0280000004,0,1,0,1,"Artificial"
150,"Pardoo",0,"Tank"," ","WELL","Tank",755,0,57271.0900000001,44579.7460000003,0,1,0,1,"Artificial"
151,"Pardoo",0,"Tank"," ","WELL","Tank",756,0,60497.611,44842.557,0,1,0,1,"Artificial"
152,"Pardoo",0,"Tank"," ","WELL","Tank",757,0,65408.5320000001,46827.574,0,1,0,1,"Artificial"
153,"Pardoo",0,"Tank"," ","WELL","Tank",817,0,69232.1950000001,48271.02,0,1,0,1,"Artificial"
154,"Pardoo",0,"Tank"," ","WELL","Tank",818,0,74722.3860000002,49331.7780000004,0,1,0,1,"Artificial"
155,"Pardoo",0,"Tank"," ","WELL","Tank",818,0,76590.412,48111.2180000003,0,1,0,1,"Artificial"
156,"Pardoo",0,"Tank"," ","WELL","Tank",817,0,72324.5790000001,47421.1170000001,0,1,0,1,"Artificial"
157,"Pardoo",0,"Tank"," ","WELL","Tank",817,0,70762.7780000002,46671.6120000002,0,1,0,1,"Artificial"
158,"Pardoo",0,"Tank"," ","WELL","Tank",817,0,70827.263,45937.8850000002,0,1,0,1,"Artificial"
159,"Pardoo",0,"Tank"," ","WELL","Tank",614,0,54896.2440000002,35095.6570000001,0,1,0,1,"Artificial"
160,"Pardoo",0,"Tank"," ","WELL","Tank",314,0,59052.2550000001,14639.0560000003,0,1,0,1,"Artificial"
161,"Pardoo",0,"Tank"," ","WELL","Tank",464,0,58269.541,21281.7150000003,0,1,0,1,"Artificial"
162,"Mandora",0," "," ","TANK"," ",1073,0,185061.36,91575.6070000003,0,1,0,1,"Artificial"
163,"Mandora",0," "," ","TANK"," ",1071,0,174919.575,87334.1520000002,0,1,0,1,"Artificial"
164,"Mandora",0," "," ","TANK"," ",1031,0,186549.782,85631.0780000002,0,1,0,1,"Artificial"
165,"Mandora",0," "," ","TANK"," ",1026,0,159494.618,81986.8680000002,0,1,0,1,"Artificial"
166,"Mandora",0," "," ","TANK"," ",1031,0,185556.657,83929.219,0,1,0,1,"Artificial"
167,"Mandora",0," "," ","TANK"," ",1070,0,170043.059,84492.5410000002,0,1,0,1,"Artificial"
168,"Mandora",0," "," ","TANK"," ",1072,0,180986.102,88664.2230000002,0,1,0,1,"Artificial"
169,"Nita Downs",0,"Tank"," ","TANK","Dam",1471,0,247129.547,158413.201,0,1,0,1,"Artificial"
170,"Frazier Downs",0," "," ","TANK"," ",1549,0,238522.16,174014.493,0,1,0,1,"Artificial"
171,"Frazier Downs",0," "," ","TANK"," ",1575,0,238828.287,181559.921,1,1,0,1,"Artificial"
172," ",0," "," ","TANK"," ",1600,0,239293.459,186655.247,1,1,0,1,"Artificial"
173,"Frazier Downs",0," "," ","TANK"," ",1626,0,242862.075,192455.963,0,1,0,1,"Artificial"
174,"Frazier Downs",0," "," ","TANK"," ",1626,0,243722.234,195082.357,0,1,0,1,"Artificial"
175,"Frazier Downs",0," "," ","TANK"," ",1652,0,246101.813,197304.466,0,1,0,1,"Artificial"
176,"Frazier Downs",0," "," ","TANK"," ",1676,0,251947.967,208819.708,0,1,0,1,"Artificial"
177,"Frazier Downs",0," "," ","TANK"," ",1722,0,261125.765,217474.152,1,1,0,1,"Artificial"
178,"Frazier Downs",0," "," ","TANK"," ",1549,0,236218.541,173830.541,0,1,0,1,"Artificial"
179,"Thangoo",0,"Tank"," ","TANK","Tank",1871,0,311523.969,264323.538,0,1,0,1,"Artificial"
180,"Thangoo",0,"Tank"," ","TANK","Tank",1893,0,313560.358,276389.245,0,1,0,1,"Artificial"
181,"Thangoo",0,"Tank"," ","TANK","Tank",1822,0,279902.263,248678.954,0,1,0,1,"Artificial"
182,"Roebuck",0,"Tank"," ","TANK","Tank",1932,1,341582.5747,295704.299,0,1,0,1,"Artificial"
183,"Roebuck",0,"Tank"," ","TANK","Tank",1919,1,340729.6639,291330.831,0,1,0,1,"Artificial"
184,"Roebuck",0,"Tank"," ","TANK","Tank",1918,1,338562.2039,291611.805,0,1,0,1,"Artificial"
185,"Roebuck",0,"Tank"," ","TANK","Tank",1955,1,323321.018,304482.781,0,1,0,1,"Artificial"
186,"Roebuck",0,"Tank"," ","TANK","Tank",1957,1,333835.2924,308410.392,0,1,0,1,"Artificial"
187,"Roebuck",0,"Tank"," ","TANK","Tank",1943,1,330104.0743,298806.638,0,1,0,1,"Artificial"
188,"Roebuck",0,"Tank"," ","TANK","Tank",1958,1,343207.3253,305666.759,0,1,0,1,"Artificial"
189,"Roebuck",0,"Tank"," ","TANK","Tank",1916,1,326137.8245,286144.859,0,1,0,1,"Artificial"
190,"Roebuck",0,"Tank"," ","TANK","Tank",1908,1,341324.8353,284238.467,0,1,0,1,"Artificial"
191,"Roebuck",0,"Tank"," ","TANK","Tank",1925,1,304001.809,295474.419,0,1,0,1,"Artificial"
192,"Roebuck",0,"Tank"," ","TANK","Tank",1928,1,317887.286,294397.709,0,1,0,1,"Artificial"
193,"Roebuck",0,"Tank"," ","TANK","Tank",1940,1,313152.671,298028.917,0,1,0,1,"Artificial"
194,"Roebuck",0,"Tank"," ","TANK","Tank",1940,1,313274.615,298151.355,0,1,0,1,"Artificial"
195,"Roebuck",0,"Tank"," ","TANK","Tank",1940,1,311405.791,297820.714,0,1,0,1,"Artificial"
196,"Roebuck",0,"Tank"," ","TANK","Tank",1940,1,315414.683,300264.444,0,1,0,1,"Artificial"
197,"Roebuck",0,"Tank"," ","TANK","Tank",1940,1,315556.495,297806.117,0,1,0,1,"Artificial"
198,"Roebuck",0,"Tank"," ","TANK","Tank",1941,1,319443.947,297535.273,0,1,0,1,"Artificial"
199," ",0," "," ","TANK"," ",1964,1,297348.177,312510.877,0,1,0,1,"Artificial"
200," ",0," "," ","TANK"," ",1964,1,296571.248,311430.452,0,1,0,1,"Artificial"
201," ",0," "," ","TANK"," ",1949,1,290914.92,302291.083,0,1,0,1,"Artificial"
202," ",0," "," ","TANK"," ",1949,1,291293.109,301401.725,0,1,0,1,"Artificial"
203,"Frazier Downs",0," "," ","TANK"," ",1698,0,254913.44,212358.277,0,1,0,1,"Artificial"
204," ",0," "," ","TANK"," ",306,0,18258.1410000001,5511.38200000022,0,1,0,1,"Artificial"
205," ",0," "," ","TANK"," ",378,0,2744.58799999999,9976.56700000027,0,1,0,1,"Artificial"
206," ",0," "," ","TANK"," ",751,0,2925.11199999996,35584.747,0,1,0,1,"Artificial"
207," ",0," "," ","TANK"," ",603,0,1628.40700000012,32606.7390000001,0,1,0,1,"Artificial"
208," ",0," "," ","TANK"," ",751,0,3239.79500000016,37457.6240000003,0,1,0,1,"Artificial"
209," ",0," "," ","TANK"," ",751,0,2055.29600000009,39678.8080000002,0,1,0,1,"Artificial"
210,"Pardoo",0,"Tank"," ","TANK","Tank",233,0,31245.8740000001,2523.07900000038,0,1,0,1,"Artificial"
211,"Pardoo",0,"Tank"," ","TANK","Tank",534,0,33167.7580000001,28135.8990000002,0,1,0,1,"Artificial"
212," ",0," "," ","TANK"," ",753,0,9551.97600000002,40244.7460000003,0,1,0,1,"Artificial"
213,"Wallal Downs",0,"Tank"," ","BOREEQ","Tank",820,0,87921.041,52665.3970000003,0,1,0,1,"Artificial"
214,"Wallal Downs",0,"Tank"," ","BOREEQ","Tank",928,0,125903.077,67365.2560000001,0,1,0,1,"Artificial"
215,"Wallal Downs",0,"Tank"," ","BOREEQ","Tank",823,0,102215.164,56546.892,0,1,0,1,"Artificial"
216,"Wallal Downs",0,"Tank"," ","BOREEQ","Tank",981,0,153665.329,71648.2690000003,0,1,0,1,"Artificial"
217,"Wallal Downs",0,"Tank"," ","BOREEQ","Tank",1025,0,152659.261,77901.2930000001,0,1,0,1,"Artificial"
218,"Mandora",0," "," ","BOREEQ"," ",982,0,159630.872,76902.9470000002,0,1,0,1,"Artificial"
219,"Mandora",0," "," ","BOREEQ"," ",1026,0,157910.842,78561.5950000002,0,1,0,1,"Artificial"
220,"Mandora",0," "," ","BOREEQ"," ",1027,0,160403.486,82599.648,0,1,0,1,"Artificial"
221,"Wallal Downs",0,"Tank"," ","BOREEQ","Tank",1025,0,152943.136,82726.0690000001,0,1,0,1,"Artificial"
222,"Wallal Downs",0,"Tank"," ","BOREEQ","Tank",1024,0,145268.902,77594.1740000001,0,1,0,1,"Artificial"
223,"Wallal Downs",0,"Tank"," ","BOREEQ","Tank",979,0,139395.972,74592.5970000001,0,1,0,1,"Artificial"
224,"Mandora",0," "," ","BOREEQ"," ",1031,0,183575.915,80464.8290000004,0,1,0,1,"Artificial"
225,"Mandora",0," "," ","BOREEQ"," ",1029,0,175145.361,81916.426,0,1,0,1,"Artificial"
226,"Mandora",0," "," ","BOREEQ"," ",1027,0,162745.082,82579.6230000001,0,1,0,1,"Artificial"
227,"Nita Downs",0,"Tank"," ","BOREEQ","Dam",1474,0,263427.564,158232.955,0,1,0,1,"Artificial"
228,"Nita Downs",0,"Tank"," ","BOREEQ","Dam",1498,0,243757.185,162353.655,0,1,0,1,"Artificial"
229,"Frazier Downs",0," "," ","BOREEQ"," ",1744,0,262581.699,222057.369,0,1,0,1,"Artificial"
230,"Frazier Downs",0," "," ","BOREEQ"," ",1676,0,251896.319,209159.227,0,1,0,1,"Artificial"
231,"Frazier Downs",0," "," ","BOREEQ"," ",1698,0,254610.867,212380.668,0,1,0,1,"Artificial"
232,"Frazier Downs",0," "," ","BOREEQ"," ",1722,0,261391.154,217247.277,1,1,0,1,"Artificial"
233,"Frazier Downs",0," "," ","BOREEQ"," ",1721,0,257212.522,220951.472,1,1,0,1,"Artificial"
234,"Frazier Downs",0," "," ","BOREEQ"," ",1675,0,249176.615,207414.687,0,1,0,1,"Artificial"
235,"Frazier Downs",0," "," ","BOREEQ"," ",1522,0,233379.426,167362.558,0,1,0,1,"Artificial"
236,"Thangoo",0,"Tank"," ","BOREEQ","Dam",1904,0,322930.057,279841.97,0,1,0,1,"Artificial"
237,"Thangoo",0,"Tank"," ","BOREEQ","Tank",1893,0,316499.281,277862.016,0,1,0,1,"Artificial"
238,"Thangoo",0,"Tank"," ","BOREEQ","Tank",1840,0,293817.09,255235.351,0,1,0,1,"Artificial"
239,"Thangoo",0,"Tank"," ","BOREEQ","Tank",1822,0,279715.169,248397.833,0,1,0,1,"Artificial"
240,"Thangoo",0,"Tank"," ","BOREEQ","Tank",1883,0,317551.189,271900.141,0,1,0,1,"Artificial"
241,"Thangoo",0,"Tank"," ","BOREEQ","Tank",1869,0,299569.665,263588.267,0,1,0,1,"Artificial"
242,"Thangoo",0,"Tank"," ","BOREEQ","Tank",1823,0,285417.182,252398.299,0,1,0,1,"Artificial"
243,"Thangoo",0,"Tank"," ","BOREEQ","Tank",1805,0,279557.954,241354.45,0,1,0,1,"Artificial"
244,"Thangoo",0,"Tank"," ","BOREEQ","Tank",1885,0,327085.1396,270027.414,0,1,0,1,"Artificial"
245,"Roebuck",0,"Tank"," ","BOREEQ","Tank",1933,1,344798.0637,296477.757,0,1,0,1,"Artificial"
246,"Roebuck",0,"Tank"," ","BOREEQ","Tank",1932,1,341305.3066,295607.745,0,1,0,1,"Artificial"
247,"Roebuck",0,"Tank"," ","BOREEQ","Tank",1919,1,340484.8829,291255.874,0,1,0,1,"Artificial"
248,"Roebuck",0,"Tank"," ","BOREEQ","Tank",1918,1,338355.6666,291536.842,0,1,0,1,"Artificial"
249,"Roebuck",0,"Tank"," ","BOREEQ","Tank",1955,1,323146.758,304420.116,0,1,0,1,"Artificial"
250,"Roebuck",0,"Tank"," ","BOREEQ","Tank",1955,1,325254.656,303899.095,0,1,0,1,"Artificial"
251,"Roebuck",0,"Dam"," ","BOREEQ","Dam",1956,1,329264.2713,305243.144,0,1,0,2,"Artificial"
252,"Roebuck",0,"Tank"," ","BOREEQ","Tank",1957,1,333631.0698,308223.486,0,1,0,1,"Artificial"
253,"Roebuck",0,"Tank"," ","BOREEQ","Tank",1917,1,330305.5482,287834.835,0,1,0,1,"Artificial"
254,"Roebuck",0,"Tank"," ","BOREEQ","Tank",1917,1,331522.9008,289264.441,0,1,0,1,"Artificial"
255,"Roebuck",0,"Tank"," ","BOREEQ","Tank",1916,1,326298.9961,286221.347,0,1,0,1,"Artificial"
256,"Roebuck",0,"Tank"," ","BOREEQ","Tank",1905,1,324355.889,284725.57,0,1,0,1,"Artificial"
257,"Roebuck",0,"Tank"," ","BOREEQ","Tank",1918,1,336485.978,288468.573,0,1,0,1,"Artificial"
258,"Roebuck",0,"Tank"," ","BOREEQ","Tank",1925,1,304163.547,295562.261,0,1,0,1,"Artificial"
259,"Roebuck",0,"Tank"," ","BOREEQ","Tank",1940,1,315206.864,300353.222,0,1,0,1,"Artificial"
260,"Roebuck",0,"Tank"," ","BOREEQ","Tank",1940,1,312968.923,297838.846,0,1,0,1,"Artificial"
261,"Roebuck",0,"Tank"," ","BOREEQ","Tank",1940,1,311222.217,297773.018,0,1,0,1,"Artificial"
262,"Roebuck",0,"Tank"," ","BOREEQ","Tank",1940,1,315776.666,297763.877,0,1,0,1,"Artificial"
263," ",0," "," ","BOREEQ"," ",1976,1,288476.493,316620.093,0,1,0,1,"Artificial"
264," ",0," "," ","BOREEQ"," ",1978,1,295164.905,313927.124,0,1,0,1,"Artificial"
265," ",0," "," ","BOREEQ"," ",1950,1,293393.808,303276.056,0,1,0,1,"Artificial"
266," ",0," "," ","BOREEQ"," ",1937,1,293880.242,298434.875,0,1,0,1,"Artificial"
267," ",0," "," ","BOREEQ"," ",2006,1,292613.828,326147.32,0,1,0,1,"Artificial"
268," ",0," "," ","BOREEQ"," ",1998,1,331002.6569,324896.275,0,1,0,1,"Artificial"
269," ",0," "," ","BOREEQ"," ",1990,1,288003.492,320682.743,0,1,0,1,"Artificial"
270,"Shamrock",0,"Tank"," ","BOREEQ","Tank",1678,0,266167.873,206047.199,0,1,0,1,"Artificial"
271,"Shamrock",0,"Dam"," ","BOREEQ","Dam",1724,0,273349.028,219697.914,0,1,0,2,"Artificial"
272,"Shamrock",0,"Dam"," ","BOREEQ","Dam",1703,0,280954.51,216668.295,0,1,0,2,"Artificial"
273,"Shamrock",0,"Dam"," ","BOREEQ","Dam",1724,0,272552.782,218355.219,0,1,0,2,"Artificial"
274,"Frazier Downs",0," "," ","BOREEQ"," ",1654,0,259103.222,201686.062,0,1,0,1,"Artificial"
275,"Pardoo",0,"Tank"," ","BOREEQ","Tank",755,0,54789.933,43432.5690000001,0,1,0,1,"Artificial"
276,"Pardoo",0,"Tank"," ","BOREEQ","Tank",817,0,70082.1410000001,46280.7390000001,0,1,0,1,"Artificial"
277,"Nita Downs",0,"Tank"," ","BOREEQ","Dam",1473,0,254853.929,157272.412,0,1,0,1,"Artificial"
278,"Mandora",0," "," ","BOREEQ"," ",987,0,186992.551,76812.3420000002,0,1,0,1,"Artificial"
279,"Mandora",0," "," ","BOREEQ"," ",986,0,180300.87,74310.7880000002,0,1,0,1,"Artificial"
280,"Mandora",0," "," ","BOREEQ"," ",985,0,172539.072,74665.9420000003,0,1,0,1,"Artificial"
281,"Mandora",0," "," ","BOREEQ"," ",1027,0,164784.537,82018.6890000002,0,1,0,1,"Artificial"
282," ",0," "," ","BOREEQ"," ",455,2,12917.4950000001,22386.2220000001,0,1,0,1,"Artificial"
283,"Pardoo",0,"Tank"," ","BOREEQ","Tank",383,0,30758.219,16710.4730000002,0,1,0,1,"Artificial"
284," ",0," "," ","BOREEQ"," ",751,0,2042.48999999999,39991.969,0,1,0,1,"Artificial"
285,"Pardoo",0," "," ","BOREEQ","Tank",755,0,55710.933,42010.429,0,1,0,1,"Artificial"
286,"Pardoo",0," "," ","BOREEQ","Tank",614,0,53762.9740000002,37491.6410000003,0,1,0,1,"Artificial"
287,"Pardoo",0,"Tank"," ","BOREEQ","Tank",614,0,54575.6700000002,35891.7350000003,0,1,0,1,"Artificial"
288,"Pardoo",0,"Tank"," ","BOREEQ","Tank",612,0,43558.0760000001,32328.1460000002,0,1,0,1,"Artificial"
289,"Pardoo",0,"Tank"," ","BOREEQ","Tank",534,0,37313.0480000002,28018.0130000003,0,1,0,1,"Artificial"
290,"Pardoo",0,"Tank"," ","BOREEQ","Tank",537,0,46817.023,28115.5500000003,0,1,0,1,"Artificial"
291,"Pardoo",0,"Tank"," ","WELLEQ","Tank",760,0,84740.165,42067.3850000002,0,1,0,1,"Artificial"
292,"Pardoo",0,"Tank"," ","WELLEQ","Tank",819,0,80656.52,50850.3570000003,0,1,0,1,"Artificial"
293,"Pardoo",0,"Tank"," ","WELLEQ","Tank",819,0,82213.429,51496.5280000004,0,1,0,1,"Artificial"
294,"Wallal Downs",0,"Tank"," ","WELLEQ","Tank",819,0,84483.3360000001,48819.7890000003,0,1,0,1,"Artificial"
295,"Wallal Downs",0,"Tank"," ","WELLEQ","Tank",820,0,87957.192,47996.4130000002,0,1,0,1,"Artificial"
296,"Wallal Downs",0,"Tank"," ","WELLEQ","Tank",822,0,96745.3260000001,55003.111,0,1,0,1,"Artificial"
297,"Wallal Downs",0,"Tank"," ","WELLEQ","Tank",822,0,100026.71,54772.6720000003,0,1,0,1,"Artificial"
298,"Wallal Downs",0,"Tank"," ","WELLEQ","Tank",878,0,120711.202,64349.8530000001,0,1,0,1,"Artificial"
299,"Wallal Downs",0,"Tank"," ","WELLEQ","Tank",878,0,120732.383,64720.5500000003,0,1,0,1,"Artificial"
300,"Wallal Downs",0,"Tank"," ","WELLEQ","Tank",928,0,123404.907,65843.9020000002,0,1,0,1,"Artificial"
301,"Wallal Downs",0,"Tank"," ","WELLEQ","Tank",928,0,126727.658,67461.929,0,1,0,1,"Artificial"
302,"Wallal Downs",0,"Tank"," ","WELLEQ","Tank",877,0,113401.891,61592.2000000002,0,1,0,1,"Artificial"
303,"Wallal Downs",0,"Tank"," ","WELLEQ","Tank",876,0,110021.074,61035.4950000001,0,1,0,1,"Artificial"
304,"Wallal Downs",0,"Tank"," ","WELLEQ","Tank",823,0,103727.305,52974.2690000003,0,1,0,1,"Artificial"
305,"Wallal Downs",0,"Tank"," ","WELLEQ","Tank",876,0,109181.547,57987.7620000001,0,1,0,1,"Artificial"
306,"Wallal Downs",0,"Tank"," ","WELLEQ","Tank",876,0,106389.709,58900.5600000001,0,1,0,1,"Artificial"
307,"Wallal Downs",0,"Tank"," ","WELLEQ","Tank",1024,0,149317.06,79114.0110000004,0,1,0,1,"Artificial"
308,"Wallal Downs",0,"Tank"," ","WELLEQ","Tank",931,0,138833.99,67918.642,0,1,0,1,"Artificial"
309,"Wallal Downs",0,"Tank"," ","WELLEQ","Tank",978,0,134080.487,71340.1090000002,0,1,0,1,"Artificial"
310,"Wallal Downs",0,"Tank"," ","WELLEQ","Tank",978,0,136234.086,73838.352,0,1,0,1,"Artificial"
311,"Wallal Downs",0,"Tank"," ","WELLEQ","Tank",980,0,145371.13,72702.1160000004,0,1,0,1,"Artificial"
312,"Wallal Downs",0,"Tank"," ","WELLEQ","Tank",979,0,139474.162,73720.301,0,1,0,1,"Artificial"
313,"Wallal Downs",0,"Tank"," ","WELLEQ","Tank",1026,0,155748.294,78433.2290000003,0,1,0,1,"Artificial"
314,"Wallal Downs",0,"Tank"," ","WELLEQ","Tank",1024,0,146263.091,78308.5440000002,0,1,0,1,"Artificial"
315,"Mandora",0," "," ","WELLEQ"," ",1111,0,180633.722,95907.253,0,1,0,1,"Artificial"
316,"Mandora",0," "," ","WELLEQ"," ",1111,0,180476.564,95831.0150000001,0,1,0,1,"Artificial"
317,"Mandora",0," "," ","WELLEQ"," ",1111,0,176769.283,95554.7420000001,0,1,0,1,"Artificial"
318,"Mandora",0," "," ","WELLEQ"," ",1110,0,173403.7,93623.7350000003,0,1,0,1,"Artificial"
319,"Mandora",0," "," ","WELLEQ"," ",1110,0,173213.821,93536.747,0,1,0,1,"Artificial"
320,"Mandora",0," "," ","WELLEQ"," ",1070,0,165865.052,89860.9910000004,0,1,0,1,"Artificial"
321,"Mandora",0," "," ","WELLEQ"," ",1070,0,165723.36,89854.2370000002,0,1,0,1,"Artificial"
322,"Mandora",0," "," ","WELLEQ"," ",1027,0,160471.872,82229.784,0,1,0,1,"Artificial"
323,"Nita Downs",0,"Tank"," ","WELLEQ","Dam",1471,0,247184.572,156984.984,0,1,0,1,"Artificial"
324,"Nita Downs",0,"Tank"," ","WELLEQ","Dam",1497,0,242557.093,162063.607,0,1,0,1,"Artificial"
325,"Frazier Downs",0," "," ","WELLEQ"," ",1522,0,229962.842,167684.335,0,1,0,1,"Artificial"
326," ",0," "," ","WELLEQ"," ",1495,0,227739.585,165123.039,0,1,0,1,"Artificial"
327,"Frazier Downs",0," "," ","WELLEQ"," ",1549,0,238261.251,173844.621,0,1,0,1,"Artificial"
328,"Frazier Downs",0," "," ","WELLEQ"," ",1550,0,243079.647,174592.788,1,1,0,1,"Artificial"
329,"Frazier Downs",0," "," ","WELLEQ"," ",1550,0,241583.088,175757.48,1,1,0,1,"Artificial"
330,"Frazier Downs",0," "," ","WELLEQ"," ",1548,0,234562.455,174747.797,0,1,0,1,"Artificial"
331,"Frazier Downs",0," "," ","WELLEQ"," ",1575,0,239050.398,181332.043,1,1,0,1,"Artificial"
332,"Frazier Downs",0," "," ","WELLEQ"," ",1600,0,239010.315,186788.473,1,1,0,1,"Artificial"
333,"Frazier Downs",0," "," ","WELLEQ"," ",1626,0,242931.461,192666.532,0,1,0,1,"Artificial"
334,"Frazier Downs",0," "," ","WELLEQ"," ",1626,0,243444.74,195052.102,0,1,0,1,"Artificial"
335,"Frazier Downs",0," "," ","WELLEQ"," ",1627,0,249971.463,194944.626,0,1,0,1,"Artificial"
336,"Frazier Downs",0," "," ","WELLEQ"," ",1627,0,246385.774,194345.989,0,1,0,1,"Artificial"
337,"Frazier Downs",0," "," ","WELLEQ"," ",1650,0,239327.585,197509.016,0,1,0,1,"Artificial"
338,"Frazier Downs",0," "," ","WELLEQ"," ",1651,0,242464.892,201708.647,0,1,0,1,"Artificial"
339,"Frazier Downs",0," "," ","WELLEQ"," ",1700,0,261609.901,210307.744,0,1,0,1,"Artificial"
340,"Roebuck",0,"Tank"," ","WELLEQ","Tank",1959,1,344810.1934,307999.855,0,1,0,1,"Artificial"
341," ",0," "," ","WELLEQ"," ",1962,1,288159.984,311611.753,0,1,0,1,"Artificial"
342," ",0," "," ","WELLEQ"," ",1962,1,291142.811,309845.961,0,1,0,1,"Artificial"
343," ",0," "," ","WELLEQ"," ",1950,1,298511.205,305520.968,0,1,0,1,"Artificial"
344," ",0," "," ","WELLEQ"," ",1962,1,288495.507,307422.762,0,1,0,1,"Artificial"
345,"Pardoo",0,"Tank"," ","WELLEQ","Tank",819,0,80635.6330000001,50853.1100000003,0,1,0,1,"Artificial"
346,"Pardoo",0,"Tank"," ","WELLEQ","Tank",819,0,82186.5800000001,51335.2310000001,0,1,0,1,"Artificial"
347,"Pardoo",0,"Tank"," ","WELLEQ","Tank",819,0,84011.99,48381.3340000003,0,1,0,1,"Artificial"
348,"Wallal Downs",0,"Tank"," ","WELLEQ","Tank",820,0,87934.1340000001,47994.0050000004,0,1,0,1,"Artificial"
349,"Pardoo",0,"Tank"," ","WELLEQ","Tank",760,0,84731.5330000001,42060.656,0,1,0,1,"Artificial"
350,"Wallal Downs",0,"Tank"," ","WELLEQ","Tank",819,0,84415.8700000001,48772.719,0,1,0,1,"Artificial"
351,"Pardoo",0,"Tank"," ","WELLEQ","Tank",760,0,84370.9270000001,42595.2740000002,0,1,0,1,"Artificial"
352,"Pardoo",0,"Tank"," ","WELLEQ","Tank",817,0,69554.179,46674.8630000004,0,1,0,1,"Artificial"
353,"Pardoo",0," "," ","WELLEQ","Tank",614,0,54276.844,37769.656,0,1,0,1,"Artificial"
354,"Pardoo",0,"Tank"," ","WELLEQ","Tank",542,0,72524.8760000002,33125.3430000003,0,1,0,1,"Artificial"
355,"Roebuck",0,"Tank"," ","WELLEQ","Tank",1941,1,321411.124,298575.25,0,1,0,1,"Artificial"
356,"Mandora",0," "," ","WELLEQ"," ",1030,0,178712.723,81282.4180000001,0,1,0,1,"Artificial"
357,"Mandora",0," "," ","WELLEQ"," ",984,0,169567.596,76837.398,0,1,0,1,"Artificial"
358,"Mandora",0," "," ","WELLEQ"," ",1070,0,168039.425,89441.6970000002,0,1,0,1,"Artificial"
359,"Mandora",0," "," ","WELLEQ"," ",1070,0,168304.18,89589.7800000003,0,1,0,1,"Artificial"
360,"Mandora",0," "," ","WELLEQ"," ",1027,0,163382.266,78141.7790000001,0,1,0,1,"Artificial"
361,"Mandora",0," "," ","WELLEQ"," ",1027,0,162882.701,81857.8689999999,0,1,0,1,"Artificial"
362,"Mandora",0," "," ","WELLEQ"," ",1026,0,158415.582,82932.5260000001,0,1,0,1,"Artificial"
363," ",0," "," ","WELLEQ"," ",232,0,25160.6970000002,2684.88800000027,0,1,0,1,"Artificial"
364," ",0," "," ","WELLEQ"," ",228,0,4119.55300000007,0,0,1,0,1,"Artificial"
365," ",0," "," ","WELLEQ"," ",381,0,18782.2960000001,13506.9939999999,0,1,0,1,"Artificial"
366," ",0," "," ","WELLEQ"," ",382,0,24160.1600000001,13417.4130000002,0,1,0,1,"Artificial"
367," ",0," "," ","WELLEQ"," ",306,0,22695.355,8624.34200000018,0,1,0,1,"Artificial"
368," ",0," "," ","WELLEQ"," ",307,0,23871.352,5940.85499999998,0,1,0,1,"Artificial"
369," ",0," "," ","WELLEQ"," ",305,0,16219.105,9615.01500000013,0,1,0,1,"Artificial"
370," ",0," "," ","WELLEQ"," ",305,0,14299.3360000001,6196.98600000003,0,1,0,1,"Artificial"
371," ",0," "," ","WELLEQ"," ",231,0,19539.7340000002,4566.19800000032,0,1,0,1,"Artificial"
372," ",0," "," ","WELLEQ"," ",304,0,8767.01300000004,5744.91700000037,0,1,0,1,"Artificial"
373," ",0," "," ","WELLEQ"," ",229,0,8589.84700000007,3246.6240000003,0,1,0,1,"Artificial"
374," ",0," "," ","WELLEQ"," ",228,0,4143.50800000015,3128.05200000014,0,1,0,1,"Artificial"
375," ",0," "," ","WELLEQ"," ",303,0,4551.37300000014,3866.3320000004,0,1,0,1,"Artificial"
376," ",0," "," ","WELLEQ"," ",379,2,10300.547,11529.2180000003,0,1,0,1,"Artificial"
377," ",0," "," ","WELLEQ"," ",380,2,14045.2620000001,14555.0130000003,0,1,0,1,"Artificial"
378," ",0," "," ","WELLEQ"," ",378,0,3144.97200000007,13505.1660000002,0,1,0,1,"Artificial"
379," ",0," "," ","WELLEQ"," ",453,0,942.548000000184,18136.3480000002,0,1,0,1,"Artificial"
380," ",0," "," ","WELLEQ"," ",454,2,8061.66700000013,19504.0280000004,0,1,0,1,"Artificial"
381," ",0," "," ","WELLEQ"," ",455,2,14098.3540000001,19965.5210000002,0,1,0,1,"Artificial"
382," ",0," "," ","WELLEQ"," ",531,0,18305.061,25367.8430000003,0,1,0,1,"Artificial"
383," ",0," "," ","WELLEQ"," ",753,0,14302.686,35052.4160000002,0,1,0,1,"Artificial"
384," ",0," "," ","WELLEQ"," ",606,0,15847.4240000001,32072.6160000004,0,1,0,1,"Artificial"
385," ",0," "," ","WELLEQ"," ",605,0,13414.466,31850.96,0,1,0,1,"Artificial"
386," ",0," "," ","WELLEQ"," ",606,0,17087.544,30297.4080000003,0,1,0,1,"Artificial"
387," ",0," "," ","WELLEQ"," ",607,0,20911.2920000001,33478.6430000002,0,1,0,1,"Artificial"
388," ",0," "," ","WELLEQ"," ",607,0,25786.9080000001,32755.608,0,1,0,1,"Artificial"
389," ",0," "," ","WELLEQ"," ",607,0,21135.727,31372.7080000001,0,1,0,1,"Artificial"
390," ",0," "," ","WELLEQ"," ",607,0,23130.3860000002,30591.5290000001,0,1,0,1,"Artificial"
391," ",0," "," ","WELLEQ"," ",528,0,90.4450000000652,24713.1200000001,0,1,0,1,"Artificial"
392," ",0," "," ","WELLEQ"," ",528,0,2105.05700000003,23870.5780000002,0,1,0,1,"Artificial"
393," ",0," "," ","WELLEQ"," ",528,0,3488.85900000017,22160.0060000001,0,1,0,1,"Artificial"
394," ",0," "," ","WELLEQ"," ",530,2,13322.3740000001,25906.469,0,1,0,1,"Artificial"
395," ",0," "," ","WELLEQ"," ",530,2,11413.9750000001,27015.0220000003,0,1,0,1,"Artificial"
396," ",0," "," ","WELLEQ"," ",529,0,5954.58000000007,27553.977,0,1,0,1,"Artificial"
397," ",0," "," ","WELLEQ"," ",603,0,1285.94999999995,30847.804,0,1,0,1,"Artificial"
398," ",0," "," ","WELLEQ"," ",753,0,9913.61700000009,39819.7480000001,0,1,0,1,"Artificial"
399,"Pardoo",0,"Tank"," ","WELLEQ","Tank",234,0,36100.5480000002,4942.93100000033,0,1,0,1,"Artificial"
400," ",0," "," ","WELLEQ"," ",308,0,29737.7150000001,10766.0530000003,0,1,0,1,"Artificial"
401,"Pardoo",0,"Tank"," ","WELLEQ","Tank",308,0,30820.1880000001,9010.81700000027,0,1,0,1,"Artificial"
402,"Pardoo",0,"Tank"," ","WELLEQ","Tank",458,0,30286.165,20628.9310000003,0,1,0,1,"Artificial"
403,"Pardoo",0,"Tank"," ","WELLEQ","Tank",533,0,29159.7310000001,25717.4160000002,0,1,0,1,"Artificial"
404,"Pardoo",0,"Tank"," ","WELLEQ","Tank",533,0,32120.993,25080.6460000002,0,1,0,1,"Artificial"
405,"Pardoo",0,"Tank"," ","WELLEQ","Tank",533,0,29203.0960000001,29931.429,0,1,0,1,"Artificial"
406," ",0," "," ","WELLEQ"," ",530,2,11930.942,26874.0130000003,0,1,0,1,"Artificial"
407," ",0," "," ","WELLEQ"," ",753,0,10454.037,39960.3150000004,0,1,0,1,"Artificial"
408,"Pardoo",0,"Tank"," ","WELLEQ","Tank",758,0,69819.3130000001,44426.4810000001,0,1,0,1,"Artificial"
409,"Pardoo",0,"Tank"," ","WELLEQ","Tank",759,0,77648.419,41830.338,0,1,0,1,"Artificial"
410,"Pardoo",0,"Tank"," ","WELLEQ","Tank",757,0,63965.7480000001,44189.318,0,1,0,1,"Artificial"
411,"Pardoo",0,"Tank"," ","WELLEQ","Tank",755,0,58195.193,40987.074,0,1,0,1,"Artificial"
412,"Pardoo",0,"Tank"," ","WELLEQ","Tank",757,0,64266.7210000001,42753.7320000003,0,1,0,1,"Artificial"
413,"Pardoo",0," "," ","WELLEQ","Tank",614,0,53526.2680000002,37360.7420000001,0,1,0,1,"Artificial"
414,"Pardoo",0,"Tank"," ","WELLEQ","Tank",614,0,56194.6260000002,37691.639,0,1,0,1,"Artificial"
415,"Pardoo",0,"Tank"," ","WELLEQ","Dam",614,0,58297.7550000001,36853.872,0,1,0,1,"Artificial"
416,"Pardoo",0,"Tank"," ","WELLEQ","Tank",615,0,63764.216,37194.5870000003,0,1,0,1,"Artificial"
417,"Pardoo",0,"Tank"," ","WELLEQ","Tank",540,0,62855.7350000001,31513.0840000003,0,1,0,1,"Artificial"
418,"Pardoo",0,"Tank"," ","WELLEQ","Tank",539,0,59512.899,32031.3150000004,0,1,0,1,"Artificial"
419,"Pardoo",0,"Tank"," ","WELLEQ","Tank",539,0,55747.618,31936.8790000002,0,1,0,1,"Artificial"
420,"Pardoo",0,"Tank"," ","WELLEQ","Tank",612,0,47271.727,34763.7790000001,0,1,0,1,"Artificial"
421,"Pardoo",0,"Tank"," ","WELLEQ","Tank",612,0,47424.844,33208.3150000004,0,1,0,1,"Artificial"
422,"Pardoo",0,"Tank"," ","WELLEQ","Tank",613,0,51386.023,33180.3760000002,0,1,0,1,"Artificial"
423,"Pardoo",0,"Tank"," ","WELLEQ","Tank",612,0,44620.7680000002,32560.3230000003,0,1,0,1,"Artificial"
424,"Pardoo",0,"Tank"," ","WELLEQ","Tank",611,0,41057.6070000001,32106.4760000003,0,1,0,1,"Artificial"
425," ",0," "," ","WELLEQ"," ",608,0,26931.8330000001,35385.5380000002,0,1,0,1,"Artificial"
426," ",0," "," ","WELLEQ"," ",608,0,27435.1040000001,35717.932,0,1,0,1,"Artificial"
427,"Pardoo",0,"Tank"," ","WELLEQ","Tank",608,0,28199.071,32967.0180000002,0,1,0,1,"Artificial"
428,"Pardoo",0,"Tank"," ","WELLEQ","Tank",611,0,38038.5290000001,32780.409,0,1,0,1,"Artificial"
429,"Pardoo",0,"Tank"," ","WELLEQ","Tank",534,0,36530.1700000002,30350.8850000002,0,1,0,1,"Artificial"
430,"Pardoo",0,"Tank"," ","WELLEQ","Tank",536,0,38214.432,27804.8170000003,0,1,0,1,"Artificial"
431,"Pardoo",0,"Tank"," ","WELLEQ","Tank",537,0,45753.2140000002,26597.6520000002,0,1,0,1,"Artificial"
432,"Pardoo",0,"Tank"," ","WELLEQ","Tank",534,0,36570.72,25358.8290000004,0,1,0,1,"Artificial"
433,"Pardoo",0,"Tank"," ","WELLEQ","Tank",536,0,40505.1370000001,26568.8170000003,0,1,0,1,"Artificial"
434,"Pardoo",0,"Tank"," ","WELLEQ","Tank",461,0,42032.7480000001,24096.281,0,1,0,1,"Artificial"
435,"Pardoo",0,"Tank"," ","WELLEQ","Tank",459,0,36844.0480000002,19935.2180000003,0,1,0,1,"Artificial"
436,"Pardoo",0,"Tank"," ","WELLEQ","Tank",462,0,47326.1070000001,23976.4300000002,0,1,0,1,"Artificial"
437,"Pardoo",0,"Tank"," ","WELLEQ","Tank",538,0,50929.358,27082.2070000004,0,1,0,1,"Artificial"
438,"Pardoo",0,"Tank"," ","WELLEQ","Tank",539,0,55784.344,27438.1330000004,0,1,0,1,"Artificial"
439,"Pardoo",0,"Tank"," ","WELLEQ","Tank",539,0,57546.4030000002,27488.165,0,1,0,1,"Artificial"
440,"Pardoo",0,"Tank"," ","WELLEQ","Tank",463,0,51854.3940000001,24297.2910000002,0,1,0,1,"Artificial"
441,"Pardoo",0,"Tank"," ","WELLEQ","Tank",463,0,53409.8830000001,24492.2760000001,0,1,0,1,"Artificial"
442,"Pardoo",0,"Tank"," ","WELLEQ","Tank",465,0,60554.0010000002,27069.3870000001,0,1,0,1,"Artificial"
443,"Pardoo",0,"Tank"," ","WELLEQ","Tank",462,0,47702.4380000001,20843.6810000003,0,1,0,1,"Artificial"
444,"Pardoo",0,"Tank"," ","WELLEQ","Tank",392,0,75974.4440000001,18693.5190000003,0,1,0,1,"Artificial"
445,"Mandora",0," "," ","BORE"," ",1031,0,187222.355,82911.8960000002,0,1,0,1,"Artificial"
446,"Mandora",0," "," ","BORE"," ",1031,0,187524.684,82945.372,0,1,0,1,"Artificial"
447,"Mandora",0," "," ","BORE"," ",1029,0,175328.992,81848.4080000003,0,1,0,1,"Artificial"
448,"Mandora",0," "," ","BORE"," ",986,0,181852.57,78361.605,0,1,0,1,"Artificial"
449,"Mandora",0," "," ","BORE"," ",1031,0,185922.947,83002.1880000001,0,1,0,1,"Artificial"
450," ",0," "," ","BORE"," ",1423,0,285617.386,155014.632,0,1,0,1,"Artificial"
451,"Frazier Downs",0," "," ","BORE"," ",1603,0,252845.757,189471.176,0,1,0,1,"Artificial"
452,"Frazier Downs",0," "," ","BORE"," ",1600,0,237628.634,187536.767,0,1,0,1,"Artificial"
453,"Frazier Downs",0," "," ","BORE"," ",1601,0,241061.465,188104.266,0,1,0,1,"Artificial"
454,"Frazier Downs",0," "," ","BORE"," ",1626,0,242958.006,194372.142,0,1,0,1,"Artificial"
455,"Frazier Downs",0," "," ","BORE"," ",1650,0,236478.583,200796.1,0,1,0,1,"Artificial"
456,"Frazier Downs",0," "," ","BORE"," ",1743,0,257405.363,226937.141,0,1,0,1,"Artificial"
457,"Thangoo",0,"Tank"," ","BORE","Tank",1894,0,319801.928,278794.197,0,1,0,1,"Artificial"
458,"Thangoo",0,"Tank"," ","BORE","Tank",1844,0,312338.679,258392.685,0,1,0,1,"Artificial"
459,"Thangoo",0,"Tank"," ","BORE","Tank",1869,0,299938.771,262378.885,0,1,0,1,"Artificial"
460,"Thangoo",0,"Tank"," ","BORE","Tank",1844,0,312764.53,257974.264,0,1,0,1,"Artificial"
461,"Thangoo",0,"Tank"," ","BORE","Tank",1871,0,311467.055,264095.74,0,1,0,1,"Artificial"
462,"Thangoo",0,"Tank"," ","BORE","Tank",1893,0,313926.431,276029.9,0,1,0,1,"Artificial"
463,"Thangoo",0,"Tank"," ","BORE","Tank",1786,0,269641.918,234372.307,0,1,0,1,"Artificial"
464,"Thangoo",0,"Tank"," ","BORE","Tank",1786,0,268980.259,238537.827,0,1,0,1,"Artificial"
465," ",0," "," ","BORE"," ",1812,0,311005.176,246058.369,0,1,0,1,"Artificial"
466,"Thangoo",0,"Tank"," ","BORE","Tank",1840,0,294265.055,258960.941,0,1,0,1,"Artificial"
467,"Thangoo",0,"Tank"," ","BORE","Tank",1882,0,307346.098,267933.864,0,1,0,1,"Artificial"
468,"Thangoo",0,"Tank"," ","BORE","Tank",1843,0,304797.59,259383.244,0,1,0,1,"Artificial"
469,"Thangoo",0,"Tank"," ","BORE","Tank",1870,0,303991.338,262996.787,0,1,0,1,"Artificial"
470,"Roebuck",0,"Tank"," ","BORE","Tank",1933,1,349193.0104,295670.333,0,1,0,1,"Artificial"
471,"Roebuck",0,"Tank"," ","BORE","Tank",1956,1,326892.3217,306620.586,0,1,0,1,"Artificial"
472,"Roebuck",0,"Tank"," ","BORE","Tank",1958,1,343382.675,305801.813,0,1,0,1,"Artificial"
473,"Roebuck",0,"Tank"," ","BORE","Tank",1908,1,341346.9715,283925.194,0,1,0,1,"Artificial"
474,"Roebuck",0,"Tank"," ","BORE","Tank",1916,1,323296.699,287368.738,0,1,0,1,"Artificial"
475,"Roebuck",0,"Tank"," ","BORE","Tank",1941,1,317391.883,298205.736,0,1,0,1,"Artificial"
476,"Roebuck",0,"Tank"," ","BORE","Tank",1941,1,317460.357,298225.533,0,1,0,1,"Artificial"
477,"Roebuck",0,"Tank"," ","BORE","Tank",1941,1,319407.388,297949.394,0,1,0,1,"Artificial"
478,"Roebuck",0,"Tank"," ","BORE","Tank",1915,1,317746.27,287357.818,0,1,0,1,"Artificial"
479," ",0," "," ","BORE"," ",1964,1,297132.482,312814.237,0,1,0,1,"Artificial"
480," ",0," "," ","BORE"," ",1964,1,296242.65,311424.539,0,1,0,1,"Artificial"
481," ",0," "," ","BORE"," ",1962,1,291209.459,309268.023,0,1,0,1,"Artificial"
482," ",0," "," ","BORE"," ",1949,1,290871.457,302611.12,0,1,0,1,"Artificial"
483,"Shamrock",0,"Dam"," ","BORE","Dam",1723,0,271307.026,219912.187,0,1,0,2,"Artificial"
484,"Shamrock",0,"Dam"," ","BORE","Dam",1581,0,274322.921,182358.827,0,1,0,2,"Artificial"
485,"Shamrock",0,"Dam"," ","BORE","Dam",1631,0,269988.319,198322.002,0,1,0,2,"Artificial"
486,"Shamrock",0,"Dam"," ","BORE","Dam",1681,0,282974.502,207439.845,0,1,0,2,"Artificial"
487,"Shamrock",0,"Dam"," ","BORE","Dam",1680,0,274528.661,206803.987,0,1,0,2,"Artificial"
488,"Shamrock",0,"Dam"," ","BORE","Dam",1705,0,289199.564,215204.589,0,1,0,2,"Artificial"
489,"Shamrock",0,"Dam"," ","BORE","Dam",1747,0,281153.031,227201.424,0,1,0,2,"Artificial"
490,"Pardoo",0,"Tank"," ","BORE","Tank",534,0,35906.578,29183.4910000004,0,1,0,1,"Artificial"
491,"Mandora",0," "," ","BORE"," ",1027,0,164788.288,81907.2750000004,0,1,0,1,"Artificial"
492,"Mandora",0," "," ","BORE"," ",1027,0,165054.062,81697.9210000001,0,1,0,1,"Artificial"
493," ",0," "," ","BORE"," ",322,0,101944.078,14123.2920000004,0,1,0,1,"Artificial"
494," ",0," "," ","BORE"," ",322,0,101048.329,14272.0790000004,0,1,0,1,"Artificial"
495," ",0," "," ","BORE"," ",322,0,101296.279,13369.3450000002,0,1,0,1,"Artificial"
496," ",0," "," ","BORE"," ",303,0,3200.78200000012,9506.61300000036,0,1,0,1,"Artificial"
497," ",0," "," ","BORE"," ",303,0,5836.89000000013,8679.31000000006,0,1,0,1,"Artificial"
498," ",0," "," ","BORE"," ",304,0,7069.57200000016,7603.16200000001,0,1,0,1,"Artificial"
499," ",0," "," ","BORE"," ",303,0,6264.5560000001,6446.10800000001,0,1,0,1,"Artificial"
500," ",0," "," ","BORE"," ",303,0,5593.87700000009,5899.23800000036,0,1,0,1,"Artificial"
501," ",0," "," ","BORE"," ",606,0,18746.399,34348.5530000003,0,1,0,1,"Artificial"
502," ",0," "," ","BORE"," ",531,0,18686.6130000001,26335.8689999999,0,1,0,1,"Artificial"
503,"Pardoo",0,"Tank"," ","BORE","Tank",614,0,56343.351,34983.219,0,1,0,1,"Artificial"
504," ",0," "," ","DAM"," ",306,0,18648.794,5961.96600000001,0,1,0,1,"Artificial"
505," ",0," "," ","DAM"," ",531,0,19154.9450000001,26099.4710000004,0,1,0,1,"Artificial"
506," ",0," "," ","DAM"," ",606,0,18230.1130000001,34473.267,0,1,0,1,"Artificial"
507,"Nita Downs",0,"Tank"," ","DAM","Dam",1497,0,242500.737,162322.165,0,1,0,1,"Artificial"
508,"Frazier Downs",0," "," ","DAM"," ",1651,0,242706.947,201648.343,0,1,0,1,"Artificial"
509,"Shamrock",0,"Dam"," ","DAM","Dam",1631,0,270129.459,198866.896,0,1,0,2,"Artificial"
510,"Shamrock",0,"Dam"," ","DAM","Dam",1749,0,289881.743,225864.382,0,1,0,2,"Artificial"
511," ",0," "," ","DAM","Dam",1705,0,289086.206,215387.318,0,1,0,1,"Artificial"
512,"Shamrock",0,"Tank"," ","DAM","Tank",1725,0,280543.195,219845.885,0,1,0,1,"Artificial"
513,"Shamrock",0,"Dam"," ","DAM","Dam",1708,0,303621.185,214690.825,0,1,0,2,"Artificial"
514," ",0," "," ","DAM"," ",1661,0,300339.34,203588.576,0,1,0,1,"Artificial"
515,"Shamrock",0,"Dam"," ","DAM","Dam",1730,0,304315.458,224755.98,0,1,0,2,"Artificial"
516,"Shamrock",0,"Dam"," ","DAM","Dam",1610,0,295847.426,193640.502,0,1,0,2,"Artificial"
517,"Shamrock",0,"Dam"," ","DAM","Dam",1584,0,286734.323,188170.903,0,1,0,2,"Artificial"
518,"Shamrock",0,"Dam"," ","DAM","Dam",1606,0,272356.519,188024.443,0,1,0,2,"Artificial"
519,"Roebuck",0,"Dam"," ","DAM","Dam",1930,1,328842.3565,296962.946,0,1,0,2,"Artificial"
520,"Roebuck",0,"Tank"," ","DAM","Tank",1957,1,334156.3883,308357.26,0,1,0,1,"Artificial"
521,"Roebuck",0,"Dam"," ","DAM","Dam",1929,1,325113.67,293157.669,0,1,0,2,"Artificial"
522,"Roebuck",0,"Dam"," ","DAM","Dam",1929,1,322100.29,295664.58,0,1,0,2,"Artificial"
523,"Roebuck",0,"Dam"," ","DAM","Dam",1927,1,316050.793,291774.056,0,1,0,2,"Artificial"
524,"Roebuck",0,"Dam"," ","DAM","Dam",1941,1,319897.708,297575.49,0,1,0,2,"Artificial"
525,"Roebuck",0,"Dam"," ","DAM","Dam",1915,1,317817.036,287778.498,0,1,0,2,"Artificial"
526," ",0," "," ","DAM"," ",2014,1,341953.4504,329340.928,0,1,0,1,"Artificial"
527," ",0," "," ","DAM"," ",1964,1,296227.675,311385.089,0,1,0,1,"Artificial"
528,"Pardoo",0,"Chinamans Spring"," ",NA,"Chinamans Spri*",533,0,30872.686,30125.8760000002,0,0,158,1,"Natural"
529,"Pardoo",0,"Banangarra Spring"," ",NA,"Banangarra Spr*",611,0,37731.784,32733.7610000004,0,0,158,1,"Natural"
530,"Wallal Downs",0," "," ",NA,"Salt lake",819,0,85271.73,47860.1090000002,0,0,158,1,"Natural"
531,"Wallal Downs",0," "," ",NA,"Salt lake",819,0,85681.75,47734.0050000004,0,0,158,1,"Natural"
532,"Wallal Downs",0," "," ",NA,"Salt lake",820,0,85932.0620000002,48062.9270000001,0,0,158,1,"Natural"
533,"Anna Plains",0,"Mandora Marsh"," ",NA,"Mandora Marsh",997,0,237297.56,84169.557,0,0,158,1,"Natural"
534,"Anna Plains",0,"Mandorah Marsh"," ",NA,"Mandorah Marsh",999,0,243737.417,81374.8800000004,0,0,158,1,"Natural"
535,"Anna Plains",0,"Mandora Marsh"," ",NA,"Mandora Marsh",999,0,246393.248,84358.1100000003,0,0,158,1,"Natural"
536,"Anna Plains",0," Mannarie Marsh"," ",NA," Mannarie Marsh",1496,0,235060.501,161216.896,0,0,158,1,"Natural"
537,"Nita Downs",0," "," ",NA,"Spring",1335,0,286665.819,137017.627,0,0,158,1,"Natural"
538,"Nita Downs",0," "," ",NA,"Spring",1305,0,290989.713,130790.835,0,0,158,1,"Natural"
539,"Frazier Downs",0," "," ",NA," ",1700,0,261780.533,215779.849,0,0,158,1,"Natural"
540,"Frazier Downs",0," "," ",NA," ",1627,0,250702.371,194522.651,0,0,158,1,"Natural"
541,"Frazier Downs",0," Warreba Spring"," ",NA," Warreba Spring",1549,0,239375.551,175169.083,0,0,158,1,"Natural"
542,"Roebuck",0,"Lake Eda"," ",NA,"Lake Eda",1944,1,334665.9612,303000.889,0,0,158,1,"Natural"
543,"Roebuck",0,"Lake Eda"," ",NA,"Lake Eda",1944,1,335744.126,302927.735,0,0,158,1,"Natural"
544,"Wallal Downs",0,"Road bore"," "," ","Road bore",472,0,101036.396,30897.8030000003,0,1,0,1,"Artificial"
545,"Wallal Downs",0,"Road bore"," "," ","Road bore",822,0,99798.382,50312.7830000003,0,1,0,1,"Artificial"
546,"Wallal Downs",0,"Road bore"," "," ","Road bore",822,0,99841.4380000001,52171.3120000004,0,1,0,1,"Artificial"
547,"Wallal Downs",0,"Road bore"," "," ","Road bore",825,0,115510.735,55250.5150000001,0,1,0,1,"Artificial"
548,"Wallal Downs",0,"Road bore"," "," ","Road bore",881,0,129783.95,62411.5990000004,0,1,0,1,"Artificial"
549,"Wallal Downs",0,"Road bore"," "," ","Road bore",980,0,147198.035,71174.0290000001,0,1,0,1,"Artificial"
550,"Thangoo",0,"Road bore"," "," ","Road bore",1843,0,302785.946,257089.896,0,1,0,1,"Artificial"
551,"Thangoo",0,"Road bore"," "," ","Road bore",1843,0,307418.71,258283.207,0,1,0,1,"Artificial"
552,"Thangoo",0,"Road bore"," "," ","Road bore",1844,0,312895.253,260450.56,0,1,0,1,"Artificial"
553,"Thangoo",0,"Road bore"," "," ","Road bore",1873,0,319701.681,267486.797,0,1,0,1,"Artificial"
554,"Thangoo",0,"Road bore"," "," ","Road bore",1895,0,327240.6832,275206.398,0,1,0,1,"Artificial"
555,"Wallal Downs",0,"Tank"," ",NA,"Tank",820,0,88380.0860000001,53468.6870000004,0,1,0,1,"Artificial"
556,"Wallal Downs",0,"Tank"," ",NA,"Tank",821,0,91756.264,54319.0210000002,0,1,0,1,"Artificial"
557,"Wallal Downs",0,"Tank"," ",NA,"Tank",821,0,93931.746,56491.2400000002,0,1,0,1,"Artificial"
558,"Wallal Downs",0,"Tank"," ",NA,"Tank",822,0,96604.0460000001,56132.5210000002,0,1,0,1,"Artificial"
559,"Wallal Downs",0,"Tank"," ",NA,"Tank",878,0,117642.144,65495.2860000003,0,1,0,1,"Artificial"
560,"Wallal Downs",0,"Tank"," ",NA,"Tank",977,0,129952.214,71246.1400000001,0,1,0,1,"Artificial"
561,"Wallal Downs",0,"Tank"," ",NA,"Tank",885,0,154921.432,62061.3810000001,0,1,0,1,"Artificial"
562,"Wallal Downs",0,"Tank"," ",NA,"Tank",1026,0,155580.784,82106.7430000002,0,1,0,1,"Artificial"
563,"Nita Downs",0,"Dam"," ",NA,"Dam",1417,0,252286.188,151782.352,0,1,0,2,"Artificial"
564,"Nita Downs",0,"Dam"," ",NA,"Dam",1389,0,255614.172,147890.483,0,1,0,2,"Artificial"
565,"Nita Downs",0,"Dam"," ",NA,"Dam",1359,0,254475.316,143182.068,0,1,0,2,"Artificial"
566,"Anna Plains",0," "," Anna Plains Homestead","Dwelling"," ",1354,0,225155.571,142239.751,0,0,0,1,"Dwelling"
